Unnamed: 0,top5,top10,top15,top20,top25
all,0.31844390243902443,0.23755853658536585,0.21874471544715457,0.2029451219512194,0.12988975609756104
comm0,0.3122521739130435,0.28958695652173916,0.21151014492753628,0.20039782608695655,0.14829043478260873
comm1,0.3263555555555556,0.17107777777777777,0.22798888888888896,0.20620000000000005,0.1063777777777778
