Unnamed: 0,top5,top10,top15,top20,top25
all,0.28125365853658535,0.2458780487804879,0.26278211382113814,0.24537439024390262,0.13339609756097548
comm0,0.24489565217391304,0.30109130434782605,0.2861101449275364,0.27090000000000014,0.14829043478260873
comm1,0.3277111111111111,0.17532777777777775,0.232974074074074,0.21275833333333338,0.11436444444444449
